Model,Mean_Accuracy,Std,Min,Max
Logistic Regression,0.78825,0.005517648452415614,0.7783333333333333,0.79375
Random Forest,0.7888333333333333,0.007107312353406819,0.7775,0.7991666666666667
Gradient Boosting,0.80575,0.006430180574620148,0.7954166666666667,0.8125
