Model,Accuracy,F1,AUC
Hard Voting,0.8020833333333334,0.8206870517176293,
Soft Voting,0.80125,0.8203389830508474,0.8822365919663625
