Hospital_ID,Hospital_Name,City,Patients,Disease_Rate,Avg_Age,Avg_Chol,Avg_BP,High_Risk_Pct
H06,Narayana Health,Kolkata,1444,55.54016620498615,53.17313019390582,249.4404432132964,134.6225761772853,49.72299168975069
H05,Medanta Heart Institute,Gurugram,1593,54.73948524795983,52.799121155053356,247.21406151914627,134.57878217200252,49.780288763339605
H04,Max Super Specialty,Bangalore,1572,54.70737913486005,53.02735368956743,246.13422391857506,134.33969465648855,49.36386768447837
H01,Apollo Heart Institute,Delhi,1677,54.203935599284435,53.197972570065595,247.288610614192,134.40190816935004,48.41979725700656
H07,Wockhardt Hospital,Hyderabad,1277,54.032889584964764,52.83476898981989,249.0634299138606,134.56225528582615,48.864526233359435
H03,AIIMS Cardiology,Chennai,1379,53.08194343727338,53.01015228426396,244.55982596084118,134.66642494561276,48.005801305293694
H02,Fortis Cardiac Care,Mumbai,1585,52.99684542586751,52.89779179810726,245.73186119873816,134.28643533123028,47.88643533123028
H08,Ruby Hall Clinic,Pune,1473,52.54582484725051,53.07739307535642,248.45145960624575,134.16157501697217,47.58995247793619
