Variable,Disease_Mean,Healthy_Mean,p_value,Significance,Cohen_d,Effect
Age,56.14986880691465,49.314435790617644,0.0,***,0.757531330796661,Medium
Trestbps,137.04661213150177,131.39521825756205,4.4985654227742725e-81,***,0.35187753817511114,Small
Cholesterol,251.86263312239544,241.72577431624705,5.0476290346152965e-29,***,0.20527087595840104,Small
Max_Heart_Rate,151.5653650254669,164.17551168266618,0.0,***,-0.8159184988692525,Large
ST_Depression,1.2475536348201883,0.8111755116826662,6.92145299262689e-153,***,0.4833736418511604,Small
Major_Vessels,1.8130884395740083,1.0295236370222787,1.5368115104704329e-264,***,0.6517233687748764,Medium
